title, Ours, TRISTAN
compression_time,2666.78,14.46
error,0.10787,0.010253
size_original,1335409,1335409
compressed size,74030,618450
compression_ratio,18.038754558962584,2.159283693103727
