title, Ours, TRISTAN
compression_time,10.38,4.10
error,0.26332,0.0031084
size_original,4600726,4600726
compressed size,606172,400539
compression_ratio,7.589802894228041,11.486337160675989
