title, Ours, TRISTAN
compression_time,10.05,3.84
error,0.18173,0.0030874
size_original,4600726,4600726
compressed size,831595,400539
compression_ratio,5.532411811037825,11.486337160675989
