title, Ours, TRISTAN
compression_time,14.78,10.28
error,1.0713,0.0021607
size_original,3822586,3822586
compressed size,1150770,1889223
compression_ratio,3.321763688660636,2.023364102596676
