title, Ours, TRISTAN
compression_time,668.25,10.30
error,1.1336,0.0021933
size_original,3822586,3822586
compressed size,1010034,1889223
compression_ratio,3.784611211107745,2.023364102596676
