title, Ours, TRISTAN
compression_time,10.51,4.10
error,0.22772,0.0030941
size_original,4600726,4600726
compressed size,701909,400539
compression_ratio,6.554590409867946,11.486337160675989
