title, Ours, TRISTAN
compression_time,15.38,10.23
error,0.75437,0.002174
size_original,3822586,3822586
compressed size,1694031,1889223
compression_ratio,2.2565029801697842,2.023364102596676
