title, Ours, TRISTAN
compression_time,15.10,10.26
error,0.88654,0.002212
size_original,3822586,3822586
compressed size,1507989,1889223
compression_ratio,2.534889843360926,2.023364102596676
