title, Ours, TRISTAN
compression_time,81.58,25.76
error,1.0577,0.00094972
size_original,11601736,11601736
compressed size,408092,4142304
compression_ratio,28.429216941277947,2.800792988636276
