title, Ours, TRISTAN
compression_time,96.13,24.27
error,1.0215,0.00070476
size_original,11601736,11601736
compressed size,448373,4142304
compression_ratio,25.875188737948093,2.800792988636276
