title, Ours, TRISTAN
compression_time,85.39,24.19
error,0.99256,0.00082389
size_original,11601736,11601736
compressed size,419048,4142304
compression_ratio,27.68593574005842,2.800792988636276
