title, Ours, TRISTAN
compression_time,10.93,10.52
error,0.17551,1.3247e-18
size_original,1339072,1339072
compressed size,180317,2330267
compression_ratio,7.42621050705147,0.5746431632083362
