title, Ours, TRISTAN
compression_time,6.38,5.68
error,0.17617,0.0070083
size_original,1339072,1339072
compressed size,119380,1157082
compression_ratio,11.216887250795779,1.1572835805932509
