title, Ours, TRISTAN
compression_time,5.78,5.13
error,0.18201,0.015727
size_original,1339072,1339072
compressed size,110676,992328
compression_ratio,12.099027792836749,1.3494247869656
