title, Ours, TRISTAN
compression_time,7.70,7.15
error,0.17553,0.0034752
size_original,1339072,1339072
compressed size,136797,1486581
compression_ratio,9.788752677324796,0.9007729817615051
