title, Ours, TRISTAN
compression_time,7.03,6.45
error,0.17652,0.0058041
size_original,1339072,1339072
compressed size,128084,1321845
compression_ratio,10.454639143062366,1.0130325416368788
