title, Ours, TRISTAN
compression_time,10.19,9.78
error,0.17551,9.488e-07
size_original,1339072,1339072
compressed size,171613,2145570
compression_ratio,7.802858757786415,0.6241101432253434
