title, Ours, TRISTAN
compression_time,62.15,36.14
error,0.23817,1.7076e-05
size_original,4643046,4643046
compressed size,2703750,4113997
compression_ratio,1.7172615811373093,1.1285973227496278
