title, Ours, TRISTAN
compression_time,70.68,75.34
error,0.23815,4.9101e-20
size_original,4643046,4643046
compressed size,4696084,9139568
compression_ratio,0.9887059090084419,0.5080159149754124
