title, Ours, TRISTAN
compression_time,71.02,51.43
error,0.23816,1.7078e-06
size_original,4643046,4643046
compressed size,3273294,5256991
compression_ratio,1.418462869513096,0.88321361021923
