title, Ours, TRISTAN
compression_time,24.43,18.61
error,0.23819,4.3999e-05
size_original,4643046,4643046
compressed size,2418969,3542788
compression_ratio,1.9194317909820258,1.310562754531177
