title, Ours, TRISTAN
compression_time,48.75,59.42
error,0.23815,4.8448e-20
size_original,4643046,4643046
compressed size,4695748,9140720
compression_ratio,0.9887766549653005,0.5079518900042885
