title, Ours, TRISTAN
compression_time,21.27,13.50
error,0.23837,0.00026722
size_original,4643046,4643046
compressed size,1849425,2400347
compression_ratio,2.5105348959811833,1.9343228291576176
