title, Ours, TRISTAN
compression_time,858.57,462.08
error,1.0699,6.422e-21
size_original,11709718,11709718
compressed size,941578,20311307
compression_ratio,12.436269751417301,0.576512284512267
