title, Ours, TRISTAN
compression_time,683.32,301.27
error,1.0699,1.8831e-05
size_original,11709718,11709718
compressed size,764911,11628834
compression_ratio,15.308601915778437,1.006955469482151
