title, Ours, TRISTAN
compression_time,832.65,448.26
error,1.0699,5.0571e-21
size_original,11709718,11709718
compressed size,941658,20311185
compression_ratio,12.435213209041924,0.5765157473579212
