title, Ours, TRISTAN
compression_time,844.24,448.04
error,1.0699,5.7503e-21
size_original,11709718,11709718
compressed size,941658,20310382
compression_ratio,12.435213209041924,0.576538540732518
