title, Ours, TRISTAN
compression_time,118.43,15.24
error,1.0809,0.010978
size_original,11709718,11709718
compressed size,558692,1550817
compression_ratio,20.959165336178074,7.550676836789899
