title, Ours, TRISTAN
compression_time,839.00,408.63
error,1.0699,5.4725e-08
size_original,11709718,11709718
compressed size,882753,17387571
compression_ratio,13.264999382613256,0.6734533535477727
