title, Ours, TRISTAN
compression_time,8.91,8.48
error,0.17546,0.00051057
size_original,1339072,1339072
compressed size,154205,1816098
compression_ratio,8.683713238870334,0.7373346592529698
