title, Ours, TRISTAN
compression_time,3.21,2.37
error,0.35351,0.2192
size_original,1339072,1339072
compressed size,75860,333294
compression_ratio,17.651885051410492,4.017690087430317
