title, Ours, TRISTAN
compression_time,4.62,3.82
error,0.20149,0.038952
size_original,1339072,1339072
compressed size,93268,662811
compression_ratio,14.357250075052537,2.020292360869086
