title, Ours, TRISTAN
compression_time,2.53,1.68
error,0.49355,0.28941
size_original,1339072,1339072
compressed size,67156,168540
compression_ratio,19.939722437310145,7.945128752818322
