title, Ours, TRISTAN
compression_time,10.90,10.36
error,0.17551,1.1226e-17
size_original,1339072,1339072
compressed size,180317,2333542
compression_ratio,7.42621050705147,0.5738366826052413
