title, Ours, TRISTAN
compression_time,11.14,10.72
error,0.17551,2.5796e-17
size_original,1339072,1339072
compressed size,180317,2333558
compression_ratio,7.42621050705147,0.5738327481039682
