title, Ours, TRISTAN
compression_time,8.32,7.91
error,0.17562,0.0032429
size_original,1339072,1339072
compressed size,145501,1651362
compression_ratio,9.20318073415303,0.8108894355083864
