title, Ours, TRISTAN
compression_time,3.78,3.05
error,0.24151,0.081442
size_original,1339072,1339072
compressed size,84564,498057
compression_ratio,15.835012534884822,2.6885918679990444
