title, Ours, TRISTAN
compression_time,75.16,73.24
error,0.23815,5.1233e-20
size_original,4643046,4643046
compressed size,4695844,9139936
compression_ratio,0.9887564408016961,0.5079954607997255
