title, Ours, TRISTAN
compression_time,30.43,16.44
error,0.23857,0.00057194
size_original,4643046,4643046
compressed size,1564628,1828898
compression_ratio,2.9675079315977984,2.5387123830853335
