title, Ours, TRISTAN
compression_time,31.48,24.59
error,0.23816,7.1894e-06
size_original,4643046,4643046
compressed size,2988426,4685366
compression_ratio,1.5536760823256122,0.9909676213128281
