title, Ours, TRISTAN
compression_time,78.03,52.33
error,0.23815,1.1473e-08
size_original,4643046,4643046
compressed size,4127619,6970842
compression_ratio,1.124872717176658,0.6660667391399776
