title, Ours, TRISTAN
compression_time,77.70,62.92
error,0.23815,6.704e-08
size_original,4643046,4643046
compressed size,3842847,6399521
compression_ratio,1.2082307726537123,0.725530238903818
