title, Ours, TRISTAN
compression_time,28.92,17.28
error,0.23917,0.0012698
size_original,4643046,4643046
compressed size,1279872,1143313
compression_ratio,3.6277424617461747,4.061045400515869
