title, Ours, TRISTAN
compression_time,78.40,68.64
error,0.23815,4.8647e-20
size_original,4643046,4643046
compressed size,4695924,9140192
compression_ratio,0.9887395962967033,0.5079812327793551
