title, Ours, TRISTAN
compression_time,36.06,29.68
error,0.23815,4.0424e-07
size_original,4643046,4643046
compressed size,3557947,5828072
compression_ratio,1.3049789668030467,0.7966692930355013
