title, Ours, TRISTAN
compression_time,183.58,75.66
error,1.0703,0.00057871
size_original,11709718,11709718
compressed size,676534,7309689
compression_ratio,17.308395439105794,1.6019447612613888
