title, Ours, TRISTAN
compression_time,354.83,80.85
error,1.0796,0.01295
size_original,11709718,11709718
compressed size,558692,1550817
compression_ratio,20.959165336178074,7.550676836789899
