title, Ours, TRISTAN
compression_time,598.32,156.66
error,1.0744,0.0044841
size_original,11709718,11709718
compressed size,588148,2990535
compression_ratio,19.909475166114653,3.915593029340904
