title, Ours, TRISTAN
compression_time,614.49,190.42
error,1.0714,0.0011625
size_original,11709718,11709718
compressed size,647069,5869962
compression_ratio,18.09655229967747,1.994854140452698
