title, Ours, TRISTAN
compression_time,183.74,92.50
error,1.0699,4.3764e-05
size_original,11709718,11709718
compressed size,735455,10189071
compression_ratio,15.921732804862296,1.1492429486456617
