title, Ours, TRISTAN
compression_time,875.77,463.80
error,1.0699,5.5424e-21
size_original,11709718,11709718
compressed size,941658,20314146
compression_ratio,12.435213209041924,0.576431714136543
