title, Ours, TRISTAN
compression_time,184.88,50.65
error,1.0727,0.0028474
size_original,11709718,11709718
compressed size,617613,4430244
compression_ratio,18.95963653614804,2.643131619838546
