title, Ours, TRISTAN
compression_time,3.99,3.30
error,0.053616,0.0092811
size_original,1335409,1335409
compressed size,122544,618450
compression_ratio,10.897383796840318,2.159283693103727
