title, Ours, TRISTAN
compression_time,17.30,14.20
error,0.085332,0.0095221
size_original,1335409,1335409
compressed size,88328,618450
compression_ratio,15.118750566071913,2.159283693103727
