title, Ours, TRISTAN
compression_time,8.98,3.59
error,0.11261,0.0089559
size_original,1335409,1335409
compressed size,71674,618450
compression_ratio,18.631707453190835,2.159283693103727
