title, Ours, TRISTAN
compression_time,7.70,3.34
error,0.073835,0.0095509
size_original,1335409,1335409
compressed size,92211,618450
compression_ratio,14.482100833956903,2.159283693103727
