title, Ours, TRISTAN
compression_time,3.98,3.29
error,0.064841,0.0093729
size_original,1335409,1335409
compressed size,104365,618450
compression_ratio,12.795563646816461,2.159283693103727
