title, Ours, TRISTAN
compression_time,10.30,3.98
error,0.2437,0.0031391
size_original,4600726,4600726
compressed size,659269,400539
compression_ratio,6.978526216157593,11.486337160675989
