title, Ours, TRISTAN
compression_time,10.70,4.15
error,0.20935,0.0032675
size_original,4600726,4600726
compressed size,757714,400539
compression_ratio,6.071850328752009,11.486337160675989
