title, Ours, TRISTAN
compression_time,10.43,4.07
error,0.25488,0.0031254
size_original,4600726,4600726
compressed size,621858,400539
compression_ratio,7.3983546082867795,11.486337160675989
