title, Ours, TRISTAN
compression_time,10.40,4.11
error,0.2488,0.0030544
size_original,4600726,4600726
compressed size,640628,400539
compression_ratio,7.181587442322221,11.486337160675989
