title, Ours, TRISTAN
compression_time,14.49,10.16
error,1.0411,0.0021816
size_original,3822586,3822586
compressed size,1220433,1889223
compression_ratio,3.1321555546269235,2.023364102596676
