title, Ours, TRISTAN
compression_time,16.23,10.28
error,0.53921,0.0021686
size_original,3822586,3822586
compressed size,2003043,1889223
compression_ratio,1.908389385549886,2.023364102596676
