title, Ours, TRISTAN
compression_time,18.14,12.31
error,0.27004,0.0002878
size_original,4643046,4643046
compressed size,1612983,2400315
compression_ratio,2.878546147107564,1.9343486167440525
