title, Ours, TRISTAN
compression_time,67.10,23.85
error,1.0129,0.0028989
size_original,11601736,11601736
compressed size,382062,4142304
compression_ratio,30.366108118577614,2.800792988636276
