title, Ours, TRISTAN
compression_time,268.50,23.62
error,0.90518,0.00093735
size_original,11601736,11601736
compressed size,845654,4142304
compression_ratio,13.7192468787471,2.800792988636276
