title, Ours, TRISTAN
compression_time,159.41,24.43
error,0.9561,0.0036824
size_original,11601736,11601736
compressed size,598067,4142304
compression_ratio,19.39872288556299,2.800792988636276
