title, Ours, TRISTAN
compression_time,305.93,36.94
error,1.5204,0.006074
size_original,20534766,20534766
compressed size,2474656,5788562
compression_ratio,8.2980284936573,3.547472757482774
