title, Ours, TRISTAN
compression_time,271.35,29.43
error,1.4805,0.0092739
size_original,20412017,20412017
compressed size,2206537,4817620
compression_ratio,9.250702344896098,4.236950402896036
