title, Ours, TRISTAN
compression_time,362.70,59.11
error,1.7119,0.00093248
size_original,20901625,20901625
compressed size,2875834,9672285
compression_ratio,7.268022076378539,2.1609810918516152
