title, Ours, TRISTAN
compression_time,356.10,47.05
error,1.6924,0.0034115
size_original,20560967,20560967
compressed size,2708232,7200838
compression_ratio,7.592025720100789,2.8553575292209046
