title, Ours, TRISTAN
compression_time,15.73,8.47
error,0.31382,0.012918
size_original,13652008,13652008
compressed size,805153,2400690
compression_ratio,16.95579349514937,5.68670173991644
