title, Ours, TRISTAN
compression_time,5.35,4.58
error,0.29315,0.15456
size_original,1302631,1302631
compressed size,48800,307950
compression_ratio,26.693258196721313,4.230008118201007
