title, Ours, TRISTAN
compression_time,4.04,3.23
error,0.098942,0.048416
size_original,1295404,1295404
compressed size,42548,263589
compression_ratio,30.445708376421923,4.914484291833119
