title, Ours, TRISTAN
compression_time,2.45,2.00
error,1.7964,1.2994
size_original,1297879,1297879
compressed size,38673,231909
compression_ratio,33.56033925477723,5.596501213838186
