title, Ours, TRISTAN
compression_time,23.82,12.77
error,0.1032,4.7679e-06
size_original,1417093,1417093
compressed size,227608,1854213
compression_ratio,6.226024568556466,0.7642557785971731
