title, Ours, TRISTAN
compression_time,1.72,0.93
error,1.8354,1.3371
size_original,1293127,1293127
compressed size,28370,155868
compression_ratio,45.58078956644343,8.2962955834424
