title, Ours, TRISTAN
compression_time,10.21,6.97
error,0.085763,0.010595
size_original,1335409,1335409
compressed size,88328,618450
compression_ratio,15.118750566071913,2.159283693103727
