title, Ours, TRISTAN
compression_time,6.07,3.35
error,1.286,0.022817
size_original,3726520,3726520
compressed size,439773,590766
compression_ratio,8.4737353134458,6.307945954912774
