title, Ours, TRISTAN
compression_time,5.71,3.06
error,1.3587,0.025824
size_original,3760477,3760477
compressed size,387008,537765
compression_ratio,9.716793968083348,6.9927886716316605
