title, Ours, TRISTAN
compression_time,5.11,2.60
error,1.2566,0.029017
size_original,3717412,3717412
compressed size,316249,445020
compression_ratio,11.75469961960354,8.353359399577547
