title, Ours, TRISTAN
compression_time,39.65,32.12
error,1.0545,4.2791e-07
size_original,4058593,4058593
compressed size,2815613,5307801
compression_ratio,1.4414598170984436,0.7646467906389105
