title, Ours, TRISTAN
compression_time,9.83,4.69
error,0.58925,1.0475e-05
size_original,610329,610329
compressed size,115128,827951
compression_ratio,5.301308109234938,0.7371559428033785
