title, Ours, TRISTAN
compression_time,28.60,15.63
error,0.33192,0.011677
size_original,13672753,13672753
compressed size,939805,2743548
compression_ratio,14.548499954777853,4.983602619673503
