title, Ours, TRISTAN
compression_time,7.02,4.84
error,0.09104,0.033647
size_original,1315510,1315510
compressed size,57836,371319
compression_ratio,22.745521820319524,3.5428028191393386
