title, Ours, TRISTAN
compression_time,1.92,1.09
error,0.41792,0.28526
size_original,1304017,1304017
compressed size,33095,187548
compression_ratio,39.40223598730926,6.952977371126325
