title, Ours, TRISTAN
compression_time,8.31,5.68
error,1.7605,1.1715
size_original,1330360,1330360
compressed size,69719,466377
compression_ratio,19.081742423155813,2.8525420421676024
