title, Ours, TRISTAN
compression_time,7.31,4.25
error,1.1054,0.017199
size_original,3765238,3765238
compressed size,593256,763017
compression_ratio,6.346733956335882,4.934671180327568
