title, Ours, TRISTAN
compression_time,22.46,15.06
error,0.7234,0.00043449
size_original,3892975,3892975
compressed size,2444095,2657688
compression_ratio,1.5928083810162863,1.4647975985141972
