title, Ours, TRISTAN
compression_time,6.71,3.76
error,1.1319,0.020022
size_original,3768757,3768757
compressed size,505098,670263
compression_ratio,7.461437186446987,5.622803287664693
