title, Ours, TRISTAN
compression_time,12.95,7.74
error,0.79858,0.0063471
size_original,3810166,3810166
compressed size,1129205,1332744
compression_ratio,3.3742022042056137,2.8588881285528203
