title, Ours, TRISTAN
compression_time,6.57,2.38
error,0.31848,0.011034
size_original,540824,540824
compressed size,102439,400969
compression_ratio,5.279473637969914,1.34879255004751
