title, CORAD, TRISTAN
compression_time,15.75,8.61
error,0.31361,0.012977
size_original,13652008,13652008
compressed size,805153,2400690
compression_ratio,16.95579349514937,5.68670173991644
