title, CORAD, TRISTAN
compression_time,16.92,9.15
error,0.31358,0.012733
size_original,13652008,13652008
compressed size,805153,2400690
compression_ratio,16.95579349514937,5.68670173991644
