title, Ours, TRISTAN
compression_time,28.86,25.96
error,0.11548,0.0057286
size_original,8696212,8696212
compressed size,1446439,6425829
compression_ratio,6.012152603739252,1.3533214158048712
