title, Ours, TRISTAN
compression_time,7.58,3.37
error,0.090628,0.0096591
size_original,1335409,1335409
compressed size,82970,618450
compression_ratio,16.095082559961433,2.159283693103727
