title, Ours, TRISTAN
compression_time,17.15,14.12
error,0.097102,0.010104
size_original,1335409,1335409
compressed size,79394,618450
compression_ratio,16.820024183187645,2.159283693103727
