title, Ours, TRISTAN
compression_time,9.37,3.76
error,0.10121,0.0093556
size_original,1335409,1335409
compressed size,76574,618450
compression_ratio,17.439457257032412,2.159283693103727
