title, Ours, TRISTAN
compression_time,10.87,4.20
error,0.13851,0.0030138
size_original,4600726,4600726
compressed size,943021,400539
compression_ratio,4.878710018122608,11.486337160675989
