title, Ours, TRISTAN
compression_time,10.70,4.14
error,0.27381,0.0031363
size_original,4600726,4600726
compressed size,591542,400539
compression_ratio,7.777513684573538,11.486337160675989
