title, Ours, TRISTAN
compression_time,13.80,11.77
error,1.156,0.0020978
size_original,3822586,3822586
compressed size,937081,1889223
compression_ratio,4.079248218670531,2.023364102596676
