title, Ours, TRISTAN
compression_time,14.91,10.38
error,0.96838,0.0021736
size_original,3822586,3822586
compressed size,1364169,1889223
compression_ratio,2.802135219316668,2.023364102596676
