title, Ours, TRISTAN
compression_time,74.24,25.05
error,1.0145,0.00072317
size_original,11601736,11601736
compressed size,397659,4142304
compression_ratio,29.175087197825274,2.800792988636276
