title, Ours, TRISTAN
compression_time,119.81,24.50
error,0.97824,0.0023986
size_original,11601736,11601736
compressed size,502842,4142304
compression_ratio,23.072328882631126,2.800792988636276
