title, Ours, TRISTAN
compression_time,71.39,23.35
error,1.0175,0.0033225
size_original,11601736,11601736
compressed size,389705,4142304
compression_ratio,29.770559782399506,2.800792988636276
