title, Ours, TRISTAN
compression_time,5.15,4.41
error,0.19167,0.027353
size_original,1339072,1339072
compressed size,101972,827574
compression_ratio,13.131761660063546,1.618069199854031
