title, Ours, TRISTAN
compression_time,9.54,9.30
error,0.17551,2.6834e-05
size_original,1339072,1339072
compressed size,162909,1980834
compression_ratio,8.219754586916622,0.6760142445050923
