title, Ours, TRISTAN
compression_time,62.07,77.28
error,0.23815,8.2038e-10
size_original,4643046,4643046
compressed size,4412400,7541987
compression_ratio,1.052272232798477,0.615626359472643
