title, Ours, TRISTAN
compression_time,63.09,81.58
error,0.23815,5.813e-20
size_original,4643046,4643046
compressed size,4695508,9139728
compression_ratio,0.9888271939905118,0.5080070216531608
