title, Ours, TRISTAN
compression_time,70.08,77.21
error,0.23815,5.8855e-20
size_original,4643046,4643046
compressed size,4695636,9139808
compression_ratio,0.9888002392008239,0.5080025751087988
