title, Ours, TRISTAN
compression_time,47.87,41.14
error,0.16231,0.020848
size_original,11882493,11882493
compressed size,1045382,8789164
compression_ratio,11.366651616346942,1.351948035103225
