title, Ours, TRISTAN
compression_time,654.19,195.65
error,1.0701,0.00026185
size_original,11709718,11709718
compressed size,705990,8749380
compression_ratio,16.586237765407443,1.338348317252194
