title, Ours, TRISTAN
compression_time,780.29,359.98
error,1.0699,1.3859e-06
size_original,11709718,11709718
compressed size,823832,14508216
compression_ratio,14.213720758601267,0.8071094337167299
