title, Ours, TRISTAN
compression_time,21.54,18.67
error,0.11514,0.005664
size_original,8696212,8696212
compressed size,1446439,6425829
compression_ratio,6.012152603739252,1.3533214158048712
