title, Ours, TRISTAN
compression_time,24.13,21.07
error,0.11541,0.0055485
size_original,8696212,8696212
compressed size,1446439,6425829
compression_ratio,6.012152603739252,1.3533214158048712
