title, Ours, TRISTAN
compression_time,48.11,35.07
error,0.31221,0.0024706
size_original,13900774,13900774
compressed size,2564466,6400188
compression_ratio,5.420533553574116,2.1719321369934756
