title, Ours, TRISTAN
compression_time,78.50,39.42
error,0.35618,0.011637
size_original,40366141,40366141
compressed size,2459321,7097148
compression_ratio,16.413530807893725,5.687656647430771
