title, Ours, TRISTAN
compression_time,24.98,14.3
error,0.19596,0.028059
size_original,3650339,3650339
compressed size,485261,2763877
compression_ratio,7.522424015,1.320731349