title, Ours, TRISTAN
compression_time,13.40,8.51
error,0.18317,0.011663
size_original,1359268,1359268
compressed size,124100,928968
compression_ratio,10.953005640612409,1.4632021770394674
