title, Ours, TRISTAN
compression_time,9.55,5.82
error,0.8661,0.010835
size_original,3793597,3793597
compressed size,877228,1067757
compression_ratio,4.324527944844442,3.552865492804074
