title, Ours, TRISTAN
compression_time,15.44,10.12
error,0.72309,0.0027581
size_original,3828175,3828175
compressed size,1575743,1769991
compression_ratio,2.4294412223313064,2.1628217318619134
