title, Ours, TRISTAN
compression_time,8.16,4.89
error,1.0364,0.014525
size_original,3744745,3744745
compressed size,701203,882258
compression_ratio,5.340457756170467,4.244501041645415
